"","Mots"
"1","à"
"2","abandonner"
"3","abattre"
"4","abri"
"5","absence"
"6","absolu"
"7","absolument"
"8","accent"
"9","accepter"
"10","accompagner"
"11","accomplir"
"12","accord"
"13","accorder"
"14","accrocher"
"15","accuser"
"16","acheter"
"17","achever"
"18","acte"
"19","action"
"20","admettre"
"21","adresser"
"22","affaire"
"23","affirmer"
"24","afin de"
"25","âge"
"26","âgé"
"27","agent"
"28","agir"
"29","agiter"
"30","ah"
"31","aide"
"32","aider"
"33","aile"
"34","ailleurs"
"35","aimer"
"36","ainsi"
"37","air"
"38","ajouter"
"39","aller"
"40","allumer"
"41","alors"
"42","âme"
"43","amener"
"44","ami"
"45","amour"
"46","amuser"
"47","an"
"48","ancien"
"49","anglais"
"50","anglais"
"51","angoisse"
"52","animal"
"53","animer"
"54","année"
"55","annoncer"
"56","apercevoir"
"57","apparaître"
"58","apparence"
"59","appartement"
"60","appartenir"
"61","appel"
"62","appeler"
"63","apporter"
"64","apprendre"
"65","approcher"
"66","appuyer"
"67","après"
"68","après"
"69","arbre"
"70","argent"
"71","arme"
"72","armée"
"73","armer"
"74","arracher"
"75","arrêter"
"76","arrière"
"77","arrivée"
"78","arriver"
"79","art"
"80","article"
"81","as"
"82","aspect"
"83","asseoir"
"84","assez"
"85","assister"
"86","assurer"
"87","attacher"
"88","attaquer"
"89","atteindre"
"90","attendre"
"91","attention"
"92","attirer"
"93","attitude"
"94","au"
"95","aucun"
"96","aucun"
"97","aujourd'hui"
"98","auprès"
"99","auquel"
"100","aussi"
"101","aussitôt"
"102","autant"
"103","auteur"
"104","autorité"
"105","autour"
"106","autre"
"107","autre"
"108","autrefois"
"109","autrement"
"110","avance"
"111","avancer"
"112","avant"
"113","avant"
"114","avec"
"115","avec"
"116","avenir"
"117","aventure"
"118","avis"
"119","avoir"
"120","avouer"
"121","baisser"
"122","banc"
"123","bande"
"124","barbe"
"125","bas"
"126","bas"
"127","bas"
"128","bataille"
"129","battre"
"130","beau"
"131","beau"
"132","beau"
"133","beaucoup"
"134","beauté"
"135","beaux"
"136","besoin"
"137","bête"
"138","bien"
"139","bien"
"140","bientôt"
"141","billet"
"142","blanc"
"143","blanc"
"144","bleu"
"145","blond"
"146","boire"
"147","bois"
"148","bon"
"149","bon"
"150","bonheur"
"151","bord"
"152","bouche"
"153","bout"
"154","branche"
"155","bras"
"156","briller"
"157","briser"
"158","bruit"
"159","brûler"
"160","brusquement"
"161","bureau"
"162","but"
"163","ça"
"164","cabinet"
"165","cacher"
"166","calme"
"167","calme"
"168","calmer"
"169","camarade"
"170","campagne"
"171","capable"
"172","car"
"173","caractère"
"174","caresser"
"175","carte"
"176","cas"
"177","casser"
"178","cause"
"179","causer"
"180","ce"
"181","ce"
"182","ceci"
"183","céder"
"184","cela"
"185","celui"
"186","cent"
"187","centre"
"188","cependant"
"189","cercle"
"190","certain"
"191","certain"
"192","certainement"
"193","certes"
"194","cerveau"
"195","cesse"
"196","cesser"
"197","chacun"
"198","chaîne"
"199","chair"
"200","chaise"
"201","chaleur"
"202","chambre"
"203","champ"
"204","chance"
"205","changement"
"206","changer"
"207","chant"
"208","chanter"
"209","chaque"
"210","charge"
"211","charger"
"212","chasse"
"213","chasser"
"214","chat"
"215","chaud"
"216","chef"
"217","chemin"
"218","chemise"
"219","cher"
"220","chercher"
"221","cheval"
"222","cheveu"
"223","chez"
"224","chien"
"225","chiffre"
"226","choisir"
"227","choix"
"228","chose"
"229","chute"
"230","ci"
"231","ciel"
"232","cinq"
"233","cinquante"
"234","circonstance"
"235","clair"
"236","claire"
"237","classe"
"238","clef"
"239","coeur"
"240","coin"
"241","colère"
"242","colline"
"243","colon"
"244","combat"
"245","combien"
"246","commander"
"247","comme"
"248","comme"
"249","commencement"
"250","commencer"
"251","comment"
"252","comment"
"253","commun"
"254","compagnie"
"255","compagnon"
"256","complet"
"257","complètement"
"258","composer"
"259","comprendre"
"260","compte"
"261","compter"
"262","conclure"
"263","condamner"
"264","condition"
"265","conduire"
"266","confiance"
"267","confier"
"268","confondre"
"269","connaissance"
"270","connaître"
"271","conscience"
"272","conseil"
"273","consentir"
"274","considérer"
"275","construire"
"276","consulter"
"277","contenir"
"278","content"
"279","contenter"
"280","continuer"
"281","contraire"
"282","contre"
"283","convenir"
"284","conversation"
"285","corde"
"286","corps"
"287","côte"
"288","côté"
"289","cou"
"290","couche"
"291","coucher"
"292","couler"
"293","couleur"
"294","coup"
"295","couper"
"296","cour"
"297","courage"
"298","courant"
"299","courir"
"300","cours"
"301","course"
"302","court"
"303","coûter"
"304","couvrir"
"305","craindre"
"306","crainte"
"307","créer"
"308","creuser"
"309","cri"
"310","crier"
"311","crise"
"312","croire"
"313","croiser"
"314","croix"
"315","cruel"
"316","cuisine"
"317","curieux"
"318","curiosité"
"319","d'abord"
"320","dame"
"321","danger"
"322","dangereux"
"323","dans"
"324","danser"
"325","d'autres"
"326","d'autres"
"327","davantage"
"328","de"
"329","de"
"330","debout"
"331","début"
"332","déchirer"
"333","décider"
"334","déclarer"
"335","découvrir"
"336","décrire"
"337","défaut"
"338","défendre"
"339","dégager"
"340","dehors"
"341","dehors"
"342","déjà"
"343","delà"
"344","demain"
"345","demain"
"346","demande"
"347","demander"
"348","demeurer"
"349","demi"
"350","dent"
"351","départ"
"352","dépasser"
"353","déposer"
"354","depuis"
"355","depuis"
"356","dernier"
"357","dernier"
"358","derrière"
"359","dès"
"360","descendre"
"361","désert"
"362","désespoir"
"363","désigner"
"364","désir"
"365","désirer"
"366","désormais"
"367","dessiner"
"368","dessus"
"369","détacher"
"370","détail"
"371","détruire"
"372","deux"
"373","devant"
"374","devant"
"375","devenir"
"376","deviner"
"377","devoir"
"378","devoir"
"379","dieu"
"380","différent"
"381","difficile"
"382","digne"
"383","dimanche"
"384","dire"
"385","direction"
"386","diriger"
"387","discours"
"388","discussion"
"389","discuter"
"390","disparaître"
"391","disposer"
"392","distance"
"393","distinguer"
"394","divers"
"395","dix"
"396","docteur"
"397","doigt"
"398","dominer"
"399","donc"
"400","donner"
"401","dont"
"402","dormir"
"403","dos"
"404","double"
"405","doucement"
"406","douceur"
"407","douleur"
"408","doute"
"409","douter"
"410","doux"
"411","douze"
"412","drame"
"413","dresser"
"414","droit"
"415","droit"
"416","droite"
"417","droite"
"418","drôle"
"419","du"
"420","dur"
"421","durant"
"422","durer"
"423","eau"
"424","eaux"
"425","écarter"
"426","échapper"
"427","éclairer"
"428","éclat"
"429","éclater"
"430","école"
"431","écouter"
"432","écraser"
"433","écrire"
"434","effacer"
"435","effet"
"436","effort"
"437","égal"
"438","également"
"439","eh"
"440","élément"
"441","élever"
"442","elle"
"443","éloigner"
"444","embrasser"
"445","emmener"
"446","émotion"
"447","empêcher"
"448","empire"
"449","employer"
"450","emporter"
"451","en"
"452","en"
"453","en"
"454","encore"
"455","endormir"
"456","endroit"
"457","énergie"
"458","enfance"
"459","enfant"
"460","enfermer"
"461","enfin"
"462","enfoncer"
"463","engager"
"464","enlever"
"465","ennemi"
"466","énorme"
"467","ensemble"
"468","ensemble"
"469","ensuite"
"470","entendre"
"471","entier"
"472","entourer"
"473","entraîner"
"474","entre"
"475","entrée"
"476","entrer"
"477","entretenir"
"478","envelopper"
"479","envie"
"480","environ"
"481","envoyer"
"482","épais"
"483","épaule"
"484","époque"
"485","éprouver"
"486","erreur"
"487","escalier"
"488","espace"
"489","espèce"
"490","espérer"
"491","espoir"
"492","esprit"
"493","essayer"
"494","essuyer"
"495","est"
"496","et"
"497","établir"
"498","étage"
"499","étaler"
"500","état"
"501","etc"
"502","été"
"503","éteindre"
"504","étendre"
"505","étendue"
"506","éternel"
"507","étoile"
"508","étonner"
"509","étouffer"
"510","étrange"
"511","étranger"
"512","étranger"
"513","être"
"514","être"
"515","étroit"
"516","étude"
"517","étudier"
"518","événement"
"519","éviter"
"520","examiner"
"521","exécuter"
"522","exemple"
"523","exiger"
"524","existence"
"525","exister"
"526","expérience"
"527","expliquer"
"528","exposer"
"529","expression"
"530","exprimer"
"531","extraordinaire"
"532","face"
"533","facile"
"534","façon"
"535","faible"
"536","faim"
"537","faire"
"538","fait"
"539","fait"
"540","falloir"
"541","famille"
"542","fatigue"
"543","fatiguer"
"544","faute"
"545","fauteuil"
"546","faux"
"547","faveur"
"548","femme"
"549","fenêtre"
"550","fer"
"551","ferme"
"552","fermer"
"553","fête"
"554","feu"
"555","feuille"
"556","fidèle"
"557","fier"
"558","figure"
"559","figurer"
"560","fil"
"561","fille"
"562","fils"
"563","fin"
"564","fin"
"565","fine"
"566","finir"
"567","fixe"
"568","fixer"
"569","flamme"
"570","fleur"
"571","flot"
"572","foi"
"573","fois"
"574","folie"
"575","fonction"
"576","fond"
"577","fonder"
"578","force"
"579","forcer"
"580","forêt"
"581","forme"
"582","former"
"583","fort"
"584","fort"
"585","fortune"
"586","fou"
"587","foule"
"588","frais"
"589","franc"
"590","français"
"591","français"
"592","franchir"
"593","françois"
"594","frapper"
"595","frère"
"596","froid"
"597","froid"
"598","front"
"599","fruit"
"600","fuir"
"601","fumée"
"602","fumer"
"603","fusil"
"604","gagner"
"605","garçon"
"606","garde"
"607","garder"
"608","gauche"
"609","gauche"
"610","général"
"611","général"
"612","genou"
"613","genre"
"614","gens"
"615","geste"
"616","glace"
"617","glisser"
"618","gloire"
"619","goût"
"620","goutte"
"621","gouvernement"
"622","grâce"
"623","grâce"
"624","grain"
"625","grand"
"626","grand"
"627","grandir"
"628","grave"
"629","gris"
"630","gros"
"631","groupe"
"632","guère"
"633","guerre"
"634","habiller"
"635","habitant"
"636","habiter"
"637","habitude"
"638","haine"
"639","haïr"
"640","hasard"
"641","haut"
"642","haut"
"643","haut"
"644","haute"
"645","hauteur"
"646","herbe"
"647","hésiter"
"648","heure"
"649","heureux"
"650","hier"
"651","histoire"
"652","hiver"
"653","homme"
"654","honneur"
"655","honte"
"656","horizon"
"657","hors"
"658","hôtel"
"659","huit"
"660","humain"
"661","humide"
"662","ici"
"663","idée"
"664","ignorer"
"665","il"
"666","île"
"667","image"
"668","imaginer"
"669","immense"
"670","immobile"
"671","importance"
"672","important"
"673","importer"
"674","imposer"
"675","impossible"
"676","impression"
"677","inconnu"
"678","indiquer"
"679","inquiéter"
"680","inquiétude"
"681","inspirer"
"682","installer"
"683","instant"
"684","instinct"
"685","intelligence"
"686","intention"
"687","intéresser"
"688","intérêt"
"689","intérieur"
"690","intérieur"
"691","interroger"
"692","interrompre"
"693","inutile"
"694","inventer"
"695","inviter"
"696","jamais"
"697","jambe"
"698","jardin"
"699","jaune"
"700","je"
"701","jeter"
"702","jeu"
"703","jeune"
"704","jeune"
"705","jeunesse"
"706","joie"
"707","joindre"
"708","joli"
"709","joue"
"710","jouer"
"711","jour"
"712","journal"
"713","journée"
"714","juge"
"715","juger"
"716","jusque"
"717","juste"
"718","justice"
"719","là"
"720","large"
"721","larme"
"722","le"
"723","le"
"724","léger"
"725","lendemain"
"726","lentement"
"727","lequel"
"728","lettre"
"729","leur"
"730","leur"
"731","lever"
"732","lèvre"
"733","liberté"
"734","libre"
"735","lien"
"736","lier"
"737","lieu"
"738","ligne"
"739","lire"
"740","lisser"
"741","lit"
"742","livre"
"743","livrer"
"744","loi"
"745","loin"
"746","long"
"747","long"
"748","longtemps"
"749","lors"
"750","lorsque"
"751","loup"
"752","lourd"
"753","lueur"
"754","lui"
"755","lumière"
"756","l'un"
"757","lune"
"758","l'une"
"759","lutte"
"760","lutter"
"761","machine"
"762","madame"
"763","magnifique"
"764","main"
"765","maintenant"
"766","maintenir"
"767","mais"
"768","maison"
"769","maître"
"770","mal"
"771","mal"
"772","malade"
"773","maladie"
"774","malgré"
"775","malheur"
"776","manger"
"777","manier"
"778","manquer"
"779","marchand"
"780","marche"
"781","marché"
"782","marcher"
"783","mari"
"784","mari"
"785","mariage"
"786","marier"
"787","marquer"
"788","masse"
"789","matière"
"790","matin"
"791","mauvais"
"792","me"
"793","médecin"
"794","meilleur"
"795","mêler"
"796","membre"
"797","même"
"798","même"
"799","même"
"800","mémoire"
"801","menacer"
"802","mener"
"803","mensonge"
"804","mentir"
"805","mer"
"806","mériter"
"807","mesure"
"808","métier"
"809","mettre"
"810","midi"
"811","mien"
"812","mieux"
"813","milieu"
"814","militaire"
"815","mille"
"816","million"
"817","mince"
"818","mine"
"819","ministre"
"820","minute"
"821","miser"
"822","mode"
"823","moi"
"824","moindre"
"825","moins"
"826","mois"
"827","moitié"
"828","moment"
"829","mon"
"830","monde"
"831","monsieur"
"832","montagne"
"833","monter"
"834","montrer"
"835","morceau"
"836","mort"
"837","mort"
"838","mot"
"839","mourir"
"840","mouvement"
"841","moyen"
"842","moyen"
"843","muet"
"844","mur"
"845","musique"
"846","naissance"
"847","naître"
"848","nation"
"849","nature"
"850","naturel"
"851","naturellement"
"852","ne"
"853","nécessaire"
"854","nerveux"
"855","neuf"
"856","neuf"
"857","nez"
"858","ni"
"859","noir"
"860","noir"
"861","noire"
"862","nom"
"863","nombre"
"864","nombreux"
"865","nommer"
"866","non"
"867","nord"
"868","note"
"869","notre"
"870","nourrir"
"871","nous"
"872","nouveau"
"873","nouveau"
"874","nu"
"875","nuage"
"876","nuit"
"877","nul"
"878","obéir"
"879","objet"
"880","obliger"
"881","observer"
"882","obtenir"
"883","occasion"
"884","occuper"
"885","odeur"
"886","oeil"
"887","oeuvre"
"888","officier"
"889","offrir"
"890","oh"
"891","oiseau"
"892","ombre"
"893","on"
"894","oncle"
"895","or"
"896","or"
"897","ordre"
"898","oreille"
"899","oser"
"900","ou"
"901","où"
"902","oublier"
"903","oui"
"904","ouvert"
"905","ouvrage"
"906","ouvrir"
"907","page"
"908","pain"
"909","paix"
"910","palais"
"911","papa"
"912","papier"
"913","paquet"
"914","par"
"915","paraître"
"916","parce que"
"917","parcourir"
"918","pareil"
"919","parent"
"920","parfaitement"
"921","parfois"
"922","parler"
"923","parmi"
"924","parole"
"925","part"
"926","partager"
"927","parti"
"928","particulier"
"929","partie"
"930","partir"
"931","partout"
"932","parvenir"
"933","pas"
"934","pas"
"935","passage"
"936","passé"
"937","passé"
"938","passer"
"939","passion"
"940","patron"
"941","paupière"
"942","pauvre"
"943","pauvre"
"944","payer"
"945","pays"
"946","paysage"
"947","paysan"
"948","peau"
"949","peine"
"950","pencher"
"951","pendant"
"952","pendre"
"953","pénétrer"
"954","pensée"
"955","penser"
"956","perdre"
"957","perdu"
"958","père"
"959","permettre"
"960","personnage"
"961","personne"
"962","personne"
"963","perte"
"964","peser"
"965","petit"
"966","petit"
"967","peu"
"968","peuple"
"969","peur"
"970","phrase"
"971","pièce"
"972","pied"
"973","pierre"
"974","pitié"
"975","place"
"976","placer"
"977","plaindre"
"978","plaine"
"979","plaire"
"980","plaisir"
"981","plan"
"982","planche"
"983","plante"
"984","plein"
"985","plein"
"986","pleurer"
"987","plonger"
"988","pluie"
"989","plus"
"990","plusieurs"
"991","plutôt"
"992","poche"
"993","poésie"
"994","poète"
"995","poids"
"996","point"
"997","point"
"998","pointe"
"999","poitrine"
"1000","police"
"1001","politique"
"1002","politique"
"1003","pont"
"1004","port"
"1005","porte"
"1006","porter"
"1007","portier"
"1008","poser"
"1009","position"
"1010","posséder"
"1011","possible"
"1012","poste"
"1013","pour"
"1014","pourquoi"
"1015","pourquoi"
"1016","poursuivre"
"1017","pourtant"
"1018","pousser"
"1019","poussière"
"1020","pouvoir"
"1021","pouvoir"
"1022","précéder"
"1023","précieux"
"1024","précipiter"
"1025","précis"
"1026","préférer"
"1027","premier"
"1028","premier"
"1029","prendre"
"1030","préparer"
"1031","près"
"1032","près"
"1033","présence"
"1034","présent"
"1035","présent"
"1036","présenter"
"1037","président"
"1038","presque"
"1039","presser"
"1040","prêt"
"1041","prétendre"
"1042","prêter"
"1043","preuve"
"1044","prévenir"
"1045","prévoir"
"1046","prier"
"1047","prière"
"1048","prince"
"1049","principe"
"1050","printemps"
"1051","prison"
"1052","prix"
"1053","problème"
"1054","prochain"
"1055","produire"
"1056","professeur"
"1057","profiter"
"1058","profond"
"1059","profondément"
"1060","projet"
"1061","promener"
"1062","promettre"
"1063","prononcer"
"1064","propos"
"1065","proposer"
"1066","propre"
"1067","protéger"
"1068","prouver"
"1069","public"
"1070","public"
"1071","puis"
"1072","puis"
"1073","puisque"
"1074","puissance"
"1075","puissant"
"1076","pur"
"1077","qualité"
"1078","quand"
"1079","quant à"
"1080","quarante"
"1081","quart"
"1082","quartier"
"1083","quatre"
"1084","que"
"1085","que"
"1086","quel"
"1087","quelque"
"1088","quelque"
"1089","quelqu'un"
"1090","question"
"1091","queue"
"1092","qui"
"1093","quinze"
"1094","quitter"
"1095","quoi"
"1096","race"
"1097","raconter"
"1098","raison"
"1099","ramasser"
"1100","ramener"
"1101","rang"
"1102","rapide"
"1103","rapidement"
"1104","rappeler"
"1105","rapport"
"1106","rapporter"
"1107","rare"
"1108","rassurer"
"1109","rayon"
"1110","réalité"
"1111","recevoir"
"1112","recherche"
"1113","réclamer"
"1114","recommencer"
"1115","reconnaître"
"1116","recueillir"
"1117","reculer"
"1118","réduire"
"1119","réel"
"1120","réfléchir"
"1121","réflexion"
"1122","refuser"
"1123","regard"
"1124","regarder"
"1125","règle"
"1126","regretter"
"1127","rejeter"
"1128","rejoindre"
"1129","relation"
"1130","relever"
"1131","religion"
"1132","remarquer"
"1133","remercier"
"1134","remettre"
"1135","remonter"
"1136","remplacer"
"1137","remplir"
"1138","rencontre"
"1139","rencontrer"
"1140","rendre"
"1141","renoncer"
"1142","rentrer"
"1143","renverser"
"1144","répandre"
"1145","repas"
"1146","répéter"
"1147","répondre"
"1148","réponse"
"1149","reposer"
"1150","repousser"
"1151","reprendre"
"1152","représenter"
"1153","réserver"
"1154","résistance"
"1155","résister"
"1156","résoudre"
"1157","respect"
"1158","respecter"
"1159","respirer"
"1160","ressembler"
"1161","reste"
"1162","rester"
"1163","résultat"
"1164","retenir"
"1165","retirer"
"1166","retomber"
"1167","retour"
"1168","retourner"
"1169","retrouver"
"1170","réunir"
"1171","réussir"
"1172","rêve"
"1173","réveiller"
"1174","révéler"
"1175","revenir"
"1176","rêver"
"1177","revoir"
"1178","révolution"
"1179","riche"
"1180","rideau"
"1181","rien"
"1182","rire"
"1183","rire"
"1184","risquer"
"1185","robe"
"1186","roche"
"1187","rocher"
"1188","roi"
"1189","rôle"
"1190","roman"
"1191","rompre"
"1192","rond"
"1193","rose"
"1194","rose"
"1195","rouge"
"1196","rouge"
"1197","rouler"
"1198","route"
"1199","rue"
"1200","ruine"
"1201","sable"
"1202","sac"
"1203","saint"
"1204","saint"
"1205","saisir"
"1206","saison"
"1207","salle"
"1208","saluer"
"1209","salut"
"1210","sang"
"1211","sans"
"1212","santé"
"1213","satisfaire"
"1214","sauter"
"1215","sauvage"
"1216","sauver"
"1217","savoir"
"1218","savoir"
"1219","scène"
"1220","science"
"1221","se"
"1222","sec"
"1223","second"
"1224","seconde"
"1225","secours"
"1226","secret"
"1227","secret"
"1228","secrétaire"
"1229","seigneur"
"1230","sein"
"1231","selon"
"1232","semaine"
"1233","semblable"
"1234","sembler"
"1235","sens"
"1236","sentier"
"1237","sentiment"
"1238","sentir"
"1239","séparer"
"1240","sept"
"1241","sérieux"
"1242","serrer"
"1243","service"
"1244","servir"
"1245","seuil"
"1246","seul"
"1247","seulement"
"1248","si"
"1249","si"
"1250","siècle"
"1251","siège"
"1252","sien"
"1253","signe"
"1254","signer"
"1255","signifier"
"1256","silence"
"1257","silencieux"
"1258","simple"
"1259","simplement"
"1260","situation"
"1261","six"
"1262","social"
"1263","société"
"1264","soi"
"1265","soin"
"1266","soir"
"1267","soirée"
"1268","soit"
"1269","sol"
"1270","soldat"
"1271","soleil"
"1272","solitude"
"1273","sombre"
"1274","somme"
"1275","sommeil"
"1276","sommet"
"1277","son"
"1278","son"
"1279","songer"
"1280","sonner"
"1281","sorte"
"1282","sortir"
"1283","sou"
"1284","soudain"
"1285","souffler"
"1286","souffrance"
"1287","souffrir"
"1288","souhaiter"
"1289","soulever"
"1290","soumettre"
"1291","source"
"1292","sourd"
"1293","sourire"
"1294","sourire"
"1295","sous"
"1296","soutenir"
"1297","souvenir"
"1298","souvenir"
"1299","souvent"
"1300","spectacle"
"1301","subir"
"1302","succès"
"1303","sueur"
"1304","suffire"
"1305","suite"
"1306","suivant"
"1307","suivre"
"1308","sujet"
"1309","supérieur"
"1310","supporter"
"1311","supposer"
"1312","sur"
"1313","sûr"
"1314","surprendre"
"1315","surtout"
"1316","surveiller"
"1317","système"
"1318","table"
"1319","tache"
"1320","tâche"
"1321","taille"
"1322","taire"
"1323","tandis que"
"1324","tant"
"1325","tantôt"
"1326","tapis"
"1327","tard"
"1328","te"
"1329","tel"
"1330","tellement"
"1331","témoin"
"1332","tempête"
"1333","temps"
"1334","tendre"
"1335","tendre"
"1336","tenir"
"1337","tenter"
"1338","terme"
"1339","terminer"
"1340","terrain"
"1341","terre"
"1342","terreur"
"1343","terrible"
"1344","tête"
"1345","théâtre"
"1346","tirer"
"1347","titre"
"1348","toi"
"1349","toile"
"1350","toit"
"1351","tombe"
"1352","tomber"
"1353","ton"
"1354","ton"
"1355","tôt"
"1356","toucher"
"1357","toujours"
"1358","tour"
"1359","tourner"
"1360","tout"
"1361","tout"
"1362","tout"
"1363","tout"
"1364","toute"
"1365","trace"
"1366","tracer"
"1367","train"
"1368","traîner"
"1369","trait"
"1370","traiter"
"1371","tranquille"
"1372","transformer"
"1373","travail"
"1374","travailler"
"1375","travers"
"1376","traverser"
"1377","trembler"
"1378","trente"
"1379","très"
"1380","trésor"
"1381","triste"
"1382","trois"
"1383","troisième"
"1384","tromper"
"1385","trop"
"1386","trou"
"1387","troubler"
"1388","trouver"
"1389","tu"
"1390","tuer"
"1391","type"
"1392","un"
"1393","un"
"1394","un"
"1395","unique"
"1396","usage"
"1397","user"
"1398","vague"
"1399","vague"
"1400","vaincre"
"1401","valeur"
"1402","valoir"
"1403","vaste"
"1404","veille"
"1405","veiller"
"1406","vendre"
"1407","venir"
"1408","vent"
"1409","ventre"
"1410","véritable"
"1411","vérité"
"1412","verre"
"1413","vers"
"1414","vers"
"1415","verser"
"1416","vert"
"1417","vêtement"
"1418","vêtir"
"1419","victime"
"1420","vide"
"1421","vide"
"1422","vie"
"1423","vieil"
"1424","vieillard"
"1425","vieux"
"1426","vieux"
"1427","vif"
"1428","village"
"1429","ville"
"1430","vin"
"1431","vingt"
"1432","violence"
"1433","violent"
"1434","visage"
"1435","visible"
"1436","vision"
"1437","visite"
"1438","vite"
"1439","vivant"
"1440","vivre"
"1441","voici"
"1442","voie"
"1443","voilà"
"1444","voile"
"1445","voir"
"1446","voisin"
"1447","voisin"
"1448","voiture"
"1449","voix"
"1450","vol"
"1451","voler"
"1452","volonté"
"1453","votre"
"1454","vouloir"
"1455","vous"
"1456","voyage"
"1457","voyager"
"1458","vrai"
"1459","vraiment"
"1460","vue"
"1461","y"
"1462","yeux"
